player_name,id,Pos,last_season,seasons_played,matches_played
Hernán Lamberti,18363,MF,2021,1,45
Matias Pérez Garcia,18382,MF,2021,1,8
Diego Valeri,18384,"MF,FW",2022,1,9
Mauro Zarate,18506,"MF,FW",2022,1,20
Jose Sosa,18518,MF,2024,3,65
Federico Vismara,18519,MF,2022,2,17
Lucas Barrios,18576,FW,2022,2,21
Emiliano Papa,18610,DF,2021,1,23
Marco Ruben,18628,FW,2024,2,58
José Sand,18653,FW,2023,3,88
Cristian David Lucchetti,18657,GK,2021,1,38
Enrique Bologna,18702,GK,2024,4,55
Jesus Datolo,18705,MF,2022,2,48
Dario Cvitanich,18734,"MF,FW",2021,1,30
Mauro Boselli,18859,FW,2023,2,64
Ignacio Scocco,18928,FW,2021,1,21
Jorge De Olivera,18957,GK,2022,2,26
Sebastián Prediger,18978,MF,2023,2,67
Martin Ojeda,20521,"MF,FW",2022,2,77
Cristián Zapata,24970,DF,2022,2,50
Ignacio Piatti,26349,MF,2021,1,10
Emiliano Vecchio,26432,MF,2022,2,54
Lisandro Lopez,30536,DF,2024,4,127
Fabricio Coloccini,30929,DF,2021,1,20
José Paolo Guerrero,33101,FW,2023,1,15
Maxi Rodriguez,33632,"FW,MF",2021,1,13
Santiago Silva,36158,FW,2023,2,49
Gonzalo Bergessio,37273,FW,2022,1,14
Carlos Tevez,38817,FW,2021,1,12
Mariano Andujar,39415,GK,2023,3,115
Enzo Pérez,40148,"MF,DF",2024,4,130
Gabriel Hauche,41018,FW,2024,4,116
Nicolas Domingo,41026,MF,2022,2,47
Nicolas Bertolo,45457,"MF,FW",2023,3,52
Leandro Grimi,46212,DF,2021,1,14
Lautaro Acosta,46295,MF,2024,4,104
Pablo Piatti,46384,"MF,FW",2024,3,50
Matias Suarez,46552,FW,2024,4,48
Emiliano Insua,47547,DF,2023,3,72
Édinson Cavani,49677,FW,2024,1,35
Franco Di Santo,49825,FW,2021,1,19
Jaime Ayovi,52564,FW,2021,1,17
Leonardo Burian,56626,GK,2023,3,88
Sebastián Sosa,56648,GK,2024,4,229
Diego Godin,56678,DF,2023,2,19
Carlos Sánchez,56972,"MF,DF",2024,2,52
Sebastian Ribas,57003,FW,2022,2,19
Cristian Baez,68512,DF,2023,2,77
Nestor Ortigoza,70349,MF,2022,2,46
Mauro Bogado,70352,MF,2022,2,44
Paolo Duva Goltz,103816,DF,2023,3,83
Carlos Zambrano,106309,DF,2022,2,23
Éver Banega,108568,MF,2024,1,30
Sergio Romero,109060,GK,2024,2,59
Mauricio Isla,109298,"DF,MF",2024,2,26
Cristopher Toselli,112562,GK,2022,1,14
Mauro Dos Santos,113311,DF,2021,1,10
Facundo Roncaglia,113318,DF,2024,3,38
Marcelo Barovero,113577,GK,2024,1,14
Leonardo German Sigali,113611,DF,2024,4,106
Carlos Quintana,113615,DF,2024,4,101
Lucas Hoyos,113620,GK,2024,4,116
Miguel Angel Torren,113622,DF,2024,4,105
Diego Braghieri,113730,DF,2023,3,24
Lucas Pratto,113769,MF,2023,3,72
Jonathan Cristaldo,113792,"FW,MF",2021,1,13
Claudio Yacob,113968,MF,2022,2,33
Bruno Bianchi,114341,DF,2024,4,111
Jonathan Sandoval,115329,"MF,DF",2022,2,14
Fernando Tobio,115671,DF,2024,4,97
Martin Cauteruccio,115871,FW,2023,3,99
Federico Mancinelli,116730,DF,2021,1,14
Cristian Colman,118767,FW,2024,3,68
Cristian Menendez,127623,FW,2023,3,73
Luciano Aued,127742,MF,2023,1,18
Franco Jara,129326,"FW,MF",2024,2,40
Pablo De Blasis,130118,"MF,FW",2024,1,47
Emmanuel Mas,131619,MF,2024,1,78
Dylan Gissi,139635,DF,2022,2,26
Carlos Lampe,141762,GK,2022,2,25
Marcos Guillermo Diaz,146753,GK,2021,1,46
Fernando Monetti,146756,GK,2022,1,55
Jonathan Schunke,146776,DF,2021,1,11
Hernán Galindez,146801,GK,2024,1,38
Damian Perez,147564,DF,2024,4,111
Juan Manuel Insaurralde,147620,DF,2024,4,164
Andres Rios,149044,FW,2023,2,21
Eduardo Salvio,150093,"FW,MF",2024,3,39
Diego Polenta,150397,DF,2022,1,30
Bruno Urribarri,150655,DF,2021,1,6
Jonathan Gomez,150701,"MF,DF",2024,1,14
Federico Fernández,155050,DF,2024,2,18
Iván Marcone,157868,MF,2024,3,88
Gonzalo Marinelli,158787,GK,2024,3,75
Fernando Meza,158897,DF,2024,2,17
Ismael Quilez,161024,DF,2022,2,37
Marcos Rojo,161035,"DF,MF",2024,3,76
Federico Mancuello,161344,MF,2024,2,75
Josue Ayala,161846,GK,2022,1,11
Dario Benedetto,163766,FW,2023,2,67
Ezequiel Munoz,164029,DF,2024,2,48
Nicolás Gaitán,164031,MF,2024,1,16
Ciro Rius,164681,MF,2023,3,80
Hector Canteros,164722,MF,2022,2,38
Brian Lluy,166073,DF,2021,1,13
Guillermo Burdisso,166510,DF,2024,2,27
Wilson Morelo,166863,"FW,MF",2021,1,13
Nicolas Mazzola,167093,FW,2021,1,15
Ruben Botta,168390,MF,2024,1,48
Gaston Sauro,169806,DF,2024,3,54
Mariano Bittolo,170431,DF,2023,3,57
Victor Ayala,172191,MF,2021,1,10
Lucas Orban,173427,DF,2022,2,12
Milton Casco,174813,"DF,MF",2024,4,108
Leonardo Jara,175357,DF,2024,4,64
Edwin Cardona,177507,"MF,FW",2023,3,47
Iker Muniain,179772,MF,2024,1,13
Lucas Kruspzky,182162,DF,2022,2,36
Luis Miguel Rodriguez,182301,"FW,MF",2024,4,104
Leandro Benegas,183543,FW,2022,1,32
Diego Rodriguez,186986,MF,2021,1,13
Santiago Vergini,188540,DF,2021,1,12
Luis Advincula,190522,DF,2024,4,104
Nicolas Penailillo,193249,"DF,MF",2022,2,12
Eugenio Mena,193710,DF,2022,2,55
Matias Pisano,193928,"FW,MF",2022,1,38
Bruno Zuculini,193937,"MF,DF",2024,4,79
Rafael Perez,196893,DF,2023,3,106
Emanuel Olivera,197456,DF,2023,1,16
Nahuel Iribarren,197573,DF,2021,1,12
Leandro Diaz,198056,FW,2024,4,121
Emiliano Mendez,202628,"MF,DF",2024,4,101
Facundo Curuchet,202704,MF,2021,1,30
Matias Aguirregaray,202790,"DF,MF",2021,1,16
Franco Armani,206758,MF,2024,1,149
Jorge Benitez,206856,FW,2023,2,39
Yeison Gordillo,206973,MF,2023,2,62
Juan Quintero,207617,MF,2024,2,69
Pier Barrios,208670,DF,2024,3,93
Emanuel Aguilera,209273,DF,2024,2,52
Lucas Rodriguez,209304,DF,2024,4,89
Matias Laba,209306,MF,2023,2,15
Claudio Corvalan,209518,DF,2024,4,137
Francisco Cerro,209540,MF,2022,2,49
Enzo Kalinski,209541,MF,2023,3,69
Cristian Lema,209568,DF,2024,4,121
Manuel Lanzini,210276,DF,2022,1,50
Javier Cabrera,210469,MF,2023,3,103
Gabriel Arias,210706,DF,2024,3,139
Carlos Roberto Izquierdoz,210726,DF,2024,3,68
Franco Mussis,211111,MF,2021,1,16
Luis Leal,211821,FW,2023,1,17
Oliver Paz Benitez,212578,DF,2021,1,23
Carlos Auzqui,213052,MF,2021,1,41
Silvio Romero,213106,FW,2024,2,61
Mauro Quiroga,213720,FW,2023,1,19
Ramiro Funes Mori,213878,DF,2024,2,13
Gonzalo Castellani,213922,MF,2023,1,11
Ignacio Fernandez,229816,"MF,FW",2024,2,69
Gino Peruzzi,230476,DF,2024,2,24
Juan Sánchez Mino,239981,MF,2023,3,81
Brahian Aleman,245345,MF,2023,3,113
Alan Aguerre,246172,GK,2024,3,54
Gabriel Graciani,246350,MF,2023,2,72
Lucas Ariel Menossi,246408,MF,2024,3,86
Facundo Tomas Quignon,246409,MF,2024,1,35
Luciano Andres Abecasis,246553,DF,2024,2,45
Leandro Gonzalez Pirez,256609,DF,2024,3,77
Juan Fernando Garro,257868,"FW,MF",2023,3,71
Alan Ruiz,263707,"FW,MF",2021,1,23
Angel Romero,265996,"FW,MF",2021,1,12
Diego Zabala,267066,DF,2024,1,35
Matias Garcia,267200,MF,2024,2,19
Guido Carrillo,267894,FW,2024,2,49
Brian Abel Luciatti,270320,DF,2024,3,99
Andres Chavez,270322,FW,2023,2,30
Luciano Lollo,270771,DF,2024,4,112
Cesar Rigamonti,270775,GK,2022,2,35
Oscar Romero,274528,MF,2023,3,65
Frank Fabra,279016,DF,2024,4,103
Pablo Magnin,279769,"FW,MF",2022,1,15
Andrés Desábato,279889,GK,2023,1,35
Baldomero Perlaza,281545,MF,2023,2,48
Miguel Borja,281995,FW,2024,3,85
Geronimo Poblete,288213,MF,2022,2,26
Francisco Pizzini,288759,MF,2024,3,184
Franco Fragapane,290692,MF,2021,1,13
Mauro Angel Maidana,291802,DF,2024,1,9
Guillermo Luis Ortiz,298025,DF,2023,3,76
Ezequiel Parnisari,299516,DF,2023,1,14
Gabriel Hachen,299645,MF,2024,3,73
Gonzalo Bettini,300765,"DF,MF",2023,3,101
Felipe Campos,304363,DF,2021,1,17
Leandro Fernández,306126,DF,2024,1,43
Federico Lértora,306127,MF,2022,2,55
Ignacio Arce,306529,GK,2024,2,44
Guillermo Fernandez,309693,MF,2024,3,99
Haibrany Ruiz Diaz,310085,DF,2022,1,8
Gaston Gil Romero,310373,MF,2024,3,65
Gustavo Fernandez,310447,FW,2024,1,8
Juan Cavallaro,311684,FW,2024,2,17
Lautaro Gianetti,315235,DF,2023,2,71
Bruno Valdez,315632,DF,2023,1,33
Erik Fernando Godoy,316878,MF,2024,3,31
Oscar Benitez,317740,"FW,MF",2021,1,22
Emanuel Insua,317775,DF,2024,4,107
Guido Herrera,322966,GK,2024,4,146
Fabio Vazquez,323358,MF,2021,1,37
Ricardo Centurion,323385,MF,2023,2,49
Federico Jourdan,323750,MF,2023,1,8
Fernando Zuqui,324723,MF,2024,4,111
Juan Daniel Galeano,336492,MF,2021,1,24
Mauricio Cuero,346379,"MF,FW",2023,3,34
Axel Werner,356438,GK,2024,2,11
Juan Cazares,357120,"MF,FW",2023,2,29
Alejandro Donatti,357493,DF,2023,2,33
Claudio Riano,359472,FW,2022,2,17
Lucas Janson,360797,"FW,MF",2022,1,138
Federico Lanzillotta,361077,GK,2023,3,74
Franco Sbutoni,361691,DF,2023,3,55
Victor Malcorra,362229,MF,2024,4,121
Cristian Insaurralde,364208,FW,2021,1,7
Manuel Vicentini,369831,GK,2023,2,38
Fernando Andres Marquez,371544,FW,2021,1,17
Lucas Villalba,384587,"DF,MF",2023,3,108
Rodrigo Contreras,410434,FW,2022,2,71
Luciano Pons,412815,FW,2021,1,32
Nicolás Pasquini,414440,"DF,MF",2023,3,73
Marcelo Meli,414594,MF,2022,1,39
Juan Franco,416311,DF,2021,1,6
Gabriel Avalos,425711,FW,2024,4,138
Felipe Aguilar,425777,DF,2024,3,38
Leonel Di Placido,426353,DF,2023,3,32
Leonel Ariel Miranda,426408,MF,2024,3,83
Wilder Cartagena,427216,MF,2021,1,11
Emanuel Britez,427614,DF,2022,2,52
Fabricio Angileri,427877,"DF,MF",2021,1,23
Matias Catalan,427912,DF,2024,3,89
Sebastian Palacios,432949,"FW,MF",2021,1,15
German Conti,438183,DF,2024,2,13
Federico Bravo,438615,"MF,DF",2021,1,21
Lucas Albertengo,438629,FW,2023,3,49
Jorge Pereyra Diaz,440104,FW,2021,1,7
Rodrigo Rey,443465,GK,2024,4,159
Tomas Martinez,444365,MF,2022,1,43
Agustin Basso,447095,DF,2024,1,2
Paulo Diaz,447556,DF,2024,4,112
Federico Andrada,450812,FW,2022,2,36
Julian Fernandez,453412,DF,2024,2,61
Lucas Diarte,453860,"DF,MF",2023,1,20
Andrés Mehring,454874,GK,2024,2,10
Pablo Vegetti,466164,FW,2023,1,27
Raul Loaiza,466222,MF,2024,4,114
Walter Montoya,467968,MF,2024,3,25
Nery Dominguez,467969,"DF,MF",2024,3,66
Enrique Triverio,468984,FW,2021,1,18
Ramiro Carrera,469007,MF,2024,3,108
Facundo Cardozo,469333,DF,2023,2,33
Ezequiel Cerutti,469593,"MF,FW",2024,4,82
Maximiliano Meza,469616,MF,2024,1,31
Ignacio Pussetto,470847,"FW,MF",2024,2,24
José Mauri,470868,MF,2024,2,15
Roger Martinez,479026,"FW,MF",2024,1,33
Gonzalo Piovi,479220,"DF,MF",2023,3,92
Nicolas Orsini,485378,FW,2024,4,86
Leonel Gonzalez,486121,DF,2023,3,57
Gaston Campi,489072,DF,2024,3,69
Federico Milo,490281,"DF,MF",2022,1,29
Nehuén Paz,490660,DF,2024,2,27
Lucas Acosta,492209,GK,2024,3,78
Nicolas Ferreyra,492750,DF,2022,2,56
Claudio Aquino,492796,MF,2024,1,54
Yonatthan Rak,495383,DF,2024,1,13
Gustavo Velazquez,497352,DF,2024,3,96
Ivan Ramirez,497399,DF,2023,2,39
Franco Leys,497597,MF,2022,2,61
Matias Ramirez,504322,"FW,MF",2024,4,87
Leandro Garate,507948,"FW,MF",2024,1,27
Elias Gomez,509189,"MF,DF",2024,4,117
Adrian Balboa,514296,FW,2024,1,39
Rodrigo Echeverria,517555,MF,2024,1,50
Renzo Lopez,520530,FW,2022,1,37
Yonathan Cabral,521211,DF,2024,4,110
Alexis Perez,521252,DF,2021,1,11
Junior Arias,521334,FW,2022,2,49
Pablo Galdames,522083,MF,2021,1,11
Emanuel Mammana,523417,DF,2024,3,65
Victor Cabrera,523418,DF,2024,3,62
Lucas Suarez,528063,DF,2024,4,84
Rafael Barrios,529092,"DF,MF",2024,1,20
Gabriel Carabajal,529100,"MF,FW",2024,3,71
Favio Alvarez,529104,MF,2024,2,22
Gaston Suso,529109,DF,2024,4,126
Fabian Noguera,529208,DF,2022,2,68
Ezequiel Ham,529351,MF,2024,1,56
Nahuel Losada,529372,GK,2024,2,74
Juan Komar,529624,DF,2024,4,82
Nicolas Oroz,543304,"MF,FW",2024,3,76
Facundo Castro,543305,DF,2023,2,25
Franco Cristaldo,543317,MF,2022,2,79
Luis Abram,547740,DF,2021,1,12
Lucas Colitto,554051,MF,2023,1,15
Cristian Chimino,560947,DF,2022,1,48
Gaspar Servio,560951,GK,2023,2,40
Dante Campisi,561036,GK,2024,3,22
Jorge Figal,561037,DF,2024,3,71
Nestor Breitenbruch,561038,DF,2024,4,104
Guillermo Pereira,561041,MF,2024,4,39
Juan Martin Lucero,561043,FW,2021,1,25
Jose Devecchi,561146,GK,2023,3,105
Rolando Garcia,561195,DF,2021,1,29
Marcelino Moreno,561737,"MF,FW",2024,1,39
Lucas Passerini,564614,FW,2024,2,25
Marcelo Benitez,564865,DF,2023,3,77
Nelson Acevedo,564871,MF,2022,2,68
Ezequiel Bonifacio,566259,DF,2024,3,26
Walter Bou,566260,"MF,FW",2024,4,129
Cristian Bernardi,571447,"MF,FW",2022,2,69
Facundo Castelli,571457,FW,2023,1,22
Cristian Pavon,571461,"FW,MF",2021,1,21
Guillermo Benitez,571609,DF,2024,3,64
Esteban Burgos,576036,DF,2024,1,17
Matias Orihuela,577674,DF,2024,4,104
Leandro Contin,581174,FW,2024,4,40
Matias de los Santos,582008,DF,2024,3,70
Gabriel Alanis,586720,"MF,DF",2024,4,124
Ramon Abila,589900,FW,2024,3,98
Joaquin Susvielles,591548,FW,2023,1,10
Agustin Fontana,592919,FW,2024,4,39
Angel Gonzalez,600102,MF,2022,2,52
David Barbona,609985,MF,2024,2,32
Maximiliano Romero,613299,"DF,MF",2021,1,101
Mauricio Martinez,615788,"MF,DF",2024,2,60
Jonathan Galvan,615932,DF,2024,4,110
Braian Romero,615987,FW,2024,3,99
Nicolas Tripichio,616153,"DF,MF",2024,4,116
Tomas Cardona,616168,"DF,MF",2023,3,39
Carlos Valenzuela,616341,MF,2022,1,34
Gaston Gomez,616344,GK,2024,4,72
Alexis Pedro Canelo,616400,"FW,MF",2024,2,23
Federico Fattori,616508,MF,2024,3,93
Agustin Rossi,616528,GK,2022,2,63
Franco Soldano,617247,FW,2023,2,79
Rodrigo Aliendro,618716,MF,2024,4,122
Rodrigo Bogarin,618807,MF,2024,2,50
Ezequiel Unsain,618946,GK,2023,3,100
Nicolas Castro,620528,DF,2024,1,203
Guillermo Acosta,620541,MF,2024,4,148
Augusto Batalla,621415,GK,2023,2,54
Joaquin Laso,622269,DF,2024,4,98
Matias Rojas,623641,MF,2023,3,70
Gustavo Canto,623787,DF,2024,4,86
Jonathan Herrera,623898,FW,2024,3,92
Alexis Castro,623986,MF,2023,3,109
Eric Ramirez,624411,"MF,FW",2024,4,141
Juan Manuel Garcia,626154,"FW,MF",2024,4,108
Andres Roa,627218,"MF,FW",2024,3,70
Leonardo Godoy,630500,"DF,MF",2023,3,102
Nicolas Delgadillo,636699,MF,2022,2,45
Facundo Altamirano,636982,GK,2024,4,70
Brian Mansilla,638772,"FW,MF",2022,2,34
Juan Manuel Vazquez,639679,MF,2024,2,22
Eric Remedi,642763,MF,2024,2,45
Thiago Cardozo,643566,GK,2024,1,26
Marcelo Saracchi,643577,DF,2024,2,15
Joel Sonora,643612,MF,2024,3,29
Nicolas Silva,645836,"FW,MF",2021,1,24
Ivan Rossi,647229,MF,2023,1,26
Mauro Pitton,647245,MF,2024,4,143
Fernando Alarcon,647928,DF,2024,2,75
Ijiel Protti,647929,MF,2023,2,40
Jalil Elias,647992,MF,2024,4,110
Francisco Grahl,648159,FW,2021,1,47
Horacio Tijanovich,655751,MF,2023,3,44
Ronaldo Martinez,659738,"MF,FW",2024,2,74
Carlo Lattanzio,659843,"MF,FW",2022,2,23
Matias Romero,660079,MF,2023,3,91
Jonathan Torres,662089,FW,2024,3,107
Ramiro Gonzalez,662545,FW,2024,1,4
Alejandro Medina,670312,GK,2023,3,96
Milton Gimenez,670344,FW,2024,3,105
Oscar Piris,673726,DF,2024,1,54
Bruno Pitton,673769,"DF,MF",2024,3,72
Michael Santos,675102,"FW,MF",2024,4,94
Guillermo Fratta,675535,DF,2022,1,9
Axel Rodriguez,678458,FW,2023,2,37
Andres Vombergar,681608,FW,2024,3,54
Fabian Henriquez,683137,"MF,FW",2022,2,16
Esteban Rolon,683535,"MF,DF",2024,4,85
Braian Rivero,683901,DF,2024,4,77
Ramiro Macagno,684778,GK,2024,4,86
Gonzalo Montiel,687008,"DF,MF",2021,1,8
Jorge Morel,688291,MF,2022,2,51
Tomas Conechny,688827,"MF,FW",2024,2,53
Santiago Rodriguez,690398,"FW,MF",2024,2,73
Leonel Mosevich,690435,DF,2023,3,51
Alexis Soto,693430,DF,2021,1,136
Brian Blasi,693432,DF,2023,3,53
Augusto Lotti,693593,FW,2024,3,116
Tomas Pochettino,693601,"MF,FW",2022,1,10
Agustin Sant'Anna,704019,DF,2024,2,27
Facundo Cambeses,723492,GK,2024,4,80
Facundo Cobos,723495,"DF,MF",2022,2,55
Lautaro Geminiani,723519,DF,2022,2,35
Cristian Alberto Tarragona,723668,FW,2024,4,125
Domingo Blanco,723671,MF,2021,1,44
Agustin Bouzat,723682,MF,2024,3,86
Saul Salcedo,724317,DF,2024,1,20
Damian Batallini,724453,"MF,FW",2024,2,62
Alejandro Rébola,724457,DF,2024,2,62
Santiago Ascacibar,724854,MF,2024,2,70
Matias Di Benedetto,725300,DF,2022,1,14
Luciano Gomez,725483,"MF,DF",2024,4,69
Marcelo Ortiz,725579,DF,2023,3,63
Hector Fertoli,725782,MF,2024,4,102
Franco Troyansky,726261,"FW,MF",2024,3,79
Ignacio Ramirez,727095,FW,2024,1,39
Facundo Mallo,727099,DF,2024,2,71
Kevin Mac Allister,728290,DF,2023,3,85
Tomas Molina,728323,"FW,MF",2024,1,31
Lucas Merolla,729085,MF,2023,2,101
Blas Riveros,729090,DF,2024,1,16
Maximiliano Salas,730647,FW,2023,1,40
Lautaro Montoya,731400,DF,2023,3,58
Diego Garcia,738100,"FW,MF",2022,1,13
Nicolas Servetto,740796,FW,2024,2,47
Bruno Sepulveda,741669,FW,2024,4,127
Nicolas Benegas,742643,FW,2024,1,31
Adrian Sporle,743009,DF,2024,2,61
Alexis Maldonado,743052,DF,2024,2,50
Jhonatan Candia,745206,"FW,MF",2024,4,100
Julian Chicco,746607,MF,2023,3,57
Maximiliano Lovera,747221,MF,2024,2,64
Gonzalo Escobar,751010,MF,2021,1,11
Francis Mac Allister,751057,MF,2024,4,83
Gonzalo Maroni,751138,MF,2024,3,85
Nicolás de la Cruz,751198,"MF,FW",2023,3,80
Gabriel Gudino,751219,MF,2024,4,94
Nicolas Sansotre,752875,DF,2024,1,34
Leandro Maciel,753077,MF,2023,3,101
Gabriel Compagnucci,754685,DF,2024,3,54
Jonathan Bay,760273,"DF,MF",2024,4,121
Ivan Gomez,770895,MF,2024,4,118
Diego Valoyes,783809,MF,2023,3,79
Jorge Carrascal,784834,GK,2023,1,51
Fernando Romero,787218,FW,2024,1,33
Juan Andrada,787257,MF,2024,4,49
Matias Tagliamonte,787283,GK,2024,3,16
Enzo Copetti,787284,"FW,MF",2024,3,100
Norberto Briasco,788656,"FW,MF",2024,4,59
Franco Negri,789046,DF,2022,2,53
Ezequiel Barco,789068,"MF,FW",2024,3,103
Alexis Sosa,792757,DF,2021,1,6
Alexis Dominguez,793285,FW,2024,4,71
Renzo Tesuri,793800,MF,2024,4,136
Nicolas Reniero,793872,"FW,MF",2023,3,85
Fernando Juarez,794311,MF,2024,2,53
Agustin Cardozo,795163,MF,2024,3,111
Milton Álvarez,795422,GK,2022,1,17
Leonardo Morales,795485,DF,2021,1,152
Leonardo Sequeira,795724,"MF,FW",2021,1,21
Ian Escobar,795958,DF,2021,1,33
Manuel Castro,796720,"MF,FW",2022,2,86
Santiago Cáseres,797927,MF,2024,3,55
Fabricio Bustos,798148,DF,2024,2,51
Juan Pintado,799678,MF,2024,2,59
Carlos Benavidez,799914,MF,2022,1,12
Matias Pardo,801507,MF,2022,2,25
Mauro Ortiz,801513,FW,2024,3,20
Cristian Vega,801725,MF,2024,3,67
Javier Iritier,805414,MF,2022,2,12
Nicolas Zalazar,805539,DF,2021,1,8
Gabriel Rojas,805540,MF,2024,2,113
Angelo Martino,805592,"MF,DF",2024,4,116
Ivan Villalba,805771,DF,2024,1,20
Djorkaeff Reasco,809537,"MF,FW",2023,2,42
Leonardo Heredia,809620,"MF,FW",2024,4,112
Marcelo Estigarribia,809766,FW,2024,3,87
Walter Mazzanti,812450,"MF,FW",2024,2,66
Manuel Capasso,816132,DF,2022,2,30
Martin Sarrafiore,816993,MF,2023,1,16
David Gallardo,818392,MF,2024,3,29
Lucas Blondel,823206,DF,2023,2,78
Sergio Quiroga,824068,MF,2024,4,109
Federico Vera,824090,"DF,MF",2024,4,157
Miguel Merentiel,826418,FW,2024,3,114
Matias Marin,828718,MF,2024,2,19
Nicolas Bazzana,830059,DF,2021,1,22
Agustin Rogel,830161,DF,2022,2,58
Joaquin Pereyra,831541,MF,2024,4,112
Gaston Togni,832164,DF,2023,3,103
Alan Franco,832171,MF,2023,2,34
Matias Tissera,832836,FW,2021,1,21
Ignacio Chicco,833271,MF,2022,2,78
Jesus Soraire,833682,MF,2024,4,119
Jaminton Campaz,837870,MF,2024,2,68
Luciano Pizzaro,838067,MF,2021,1,7
Blas Armoa,839634,"MF,FW",2024,3,91
Sebastian Prieto,841913,DF,2024,3,87
Guido Mainero,841947,"MF,FW",2024,4,86
Luis Ingolotti,844389,GK,2024,2,35
Facundo Garces,845067,DF,2023,3,116
Franco Pardo,845263,DF,2024,1,44
Adam Bareiro,845370,FW,2024,3,97
Nicolas Sosa,845944,MF,2024,1,31
Lucas Carrizo,846916,FW,2021,1,150
Robert Rojas,846980,DF,2023,2,54
Maximiliano Rodriguez,847288,DF,2024,3,25
Franco Petroli,847978,GK,2024,1,38
Manuel Roffo,847982,GK,2024,3,81
Tomas Belmonte,847984,MF,2024,4,92
Santiago Mele,848027,GK,2023,2,114
Juan Alvarez,848153,"MF,FW",2024,4,122
Gustavo Del Prete,848182,"FW,MF",2022,2,36
Brian Sanchez,848187,MF,2024,1,23
Federico Rasmussen,848620,DF,2024,4,107
Alexis Rodrigues,850151,"MF,FW",2021,1,10
Carlos Arce,850731,MF,2024,3,72
Raul Lozano,856411,DF,2023,3,78
Fernando Torrent,856814,"MF,DF",2024,4,26
Jonathan Goya,857214,MF,2024,1,11
Sebastián Villa,859319,FW,2024,4,106
Gabriel Neves,859754,MF,2024,1,30
Nahuel Tenaglia,860314,DF,2021,1,36
Santiago Rojas,860888,GK,2023,1,20
Fernando Cardozo,860962,"MF,DF",2024,1,15
Rodrigo Fernandez,861785,MF,2024,1,28
Rodrigo Holgado,862170,"FW,MF",2021,1,12
Luciano Sanchez,862337,"MF,DF",2023,2,40
Thomas Galdames,864271,"DF,MF",2024,2,43
Benjamin Garre,872965,MF,2022,2,37
Emanuel Coronel,874620,DF,2024,4,126
Martin Payero,874621,"MF,FW",2023,2,34
Nicolas Linares,874622,MF,2023,3,72
Tomas Durso,874631,GK,2024,3,69
Harrinson Mancilla,874664,MF,2023,3,49
Juan Espinola,875078,GK,2024,3,65
Agustin Bolivar,875743,MF,2024,2,33
Tomas Chancalay,876274,"MF,FW",2022,2,64
Braian Galvan,876275,MF,2024,1,26
Agustin Palavecino,879858,"MF,FW",2024,4,104
Franco Moyano,881159,FW,2021,1,113
Lucas Vera,881995,MF,2022,2,22
Jonas Acevedo,882460,"MF,FW",2024,4,110
Adrian Martinez,882933,FW,2024,2,73
Junior Marabel,883281,FW,2023,2,31
Edgar Elizalde,883695,DF,2023,2,30
Tomas Marchiori,886331,GK,2024,3,89
Alan Rodriguez,887142,"MF,FW",2024,3,125
Brahian Cuello,889715,MF,2024,3,78
Fabio Pereyra,889736,DF,2024,3,105
Maximiliano Comba,890242,"MF,FW",2023,2,29
Cristian Ferreira,892175,"MF,FW",2024,4,85
Luciano Herrera,892643,"MF,FW",2024,1,37
Anibal Leguizamon,892840,DF,2024,1,14
Hernan De La Fuente,900404,DF,2024,2,61
Francisco Ortega,902969,DF,2023,3,89
Yonatan Goitia,902983,"MF,DF",2024,1,39
Mateo Retegui,905546,FW,2023,3,99
Sergio Barreto,907723,DF,2023,3,87
Alejandro Maciel,907957,DF,2024,4,121
Luciano Leonel Recalde,917569,DF,2024,2,19
Gaston Lodico,917619,MF,2024,3,112
Guillermo Soto,917976,DF,2023,2,43
Alejo Antilef,918481,"MF,FW",2022,2,48
Jeronimo Cacciabue,918492,MF,2024,3,64
Cristian Nunez,918511,MF,2024,3,66
Nicolas Thaller,918614,DF,2022,2,18
Gaston Veron,918846,"FW,MF",2024,3,96
Matias Melluso,919156,DF,2023,3,62
Francisco Alvarez,920404,DF,2024,3,94
Lautaro Chavez,921347,MF,2024,3,17
Giuliano Galoppo,921603,MF,2022,2,54
Franco Quinteros,921606,DF,2023,3,58
Matias Coccaro,921749,FW,2023,3,94
Jorman Campuzano,922875,"MF,DF",2024,3,60
Dario Caceres,922919,DF,2024,2,22
Tomas Badaloni,923598,FW,2024,4,104
Edwin Cetre,924959,"MF,FW",2024,1,32
Nicolas Demartini,925286,DF,2024,1,45
Christian Oliva,925841,MF,2023,2,34
Juan Cozzani,926330,GK,2024,1,40
Alejandro Cabrera,930564,DF,2023,3,64
Sebastian Corda,930573,DF,2023,1,24
Franz Gonzales,931555,MF,2022,1,11
Agustin Almendra,935060,"MF,FW",2024,2,68
Valentin Burgoa,936100,"MF,FW",2024,4,91
Malcom Braida,938003,"MF,FW",2024,4,130
Julian Navas,938030,DF,2023,3,41
Ramiro Ruiz,939335,"FW,MF",2024,4,116
Gonzalo Goni,939404,DF,2024,4,107
Martin Garay,939965,"DF,MF",2024,4,121
Juan Rodriguez,940819,DF,2024,4,77
Juan Infante,941538,DF,2024,4,110
Williams Alarcon,941949,MF,2024,1,49
Lucas Abascia,942984,DF,2024,1,19
Ivan Tapia,944446,"MF,FW",2024,3,105
Facundo Colidio,949735,"MF,FW",2024,3,110
Adonis Frias,950270,DF,2022,2,66
Nicolas Fonseca,950599,MF,2024,1,11
Emanuel Iniguez,952901,DF,2022,2,46
Matias Pellegrini,954660,"MF,FW",2024,3,59
Nelson Insfran,955209,GK,2024,2,15
German Guiffrey,955211,DF,2023,3,49
Thiago Almada,955271,MF,2021,1,32
Gianluca Ferrari,955274,DF,2024,4,82
Fabricio Dominguez,955333,"MF,DF",2023,3,51
Walter Perez,955695,DF,2022,2,19
Federico Gattoni,956291,DF,2024,4,78
Elias Pereyra,957219,"DF,MF",2024,2,20
Santiago Sosa,958860,DF,2022,2,80
Nicolas Morgantini,961717,DF,2024,4,80
Pedro De la Vega,962665,FW,2023,3,70
Alexander Diaz,962674,"FW,MF",2024,3,63
Marcelo Herrera,965091,"DF,MF",2023,3,95
Willer Ditta,965205,DF,2023,2,53
Facundo Pons,971268,FW,2023,1,16
Facundo Suarez,971269,FW,2024,1,39
Ezequiel Centurion,971901,GK,2024,3,27
Ezequiel Bullaude,972098,"MF,FW",2022,2,78
Manuel Insaurralde,972814,MF,2023,3,38
Julián Álvarez,974753,"FW,MF",2022,2,52
Lucas Beltran,974755,FW,2023,3,82
Marcelo Weigandt,974894,DF,2023,3,55
Nicolás Fernández,976705,"FW,MF",2024,4,243
Ibrahim Hesar,977824,MF,2023,1,16
Guillermo May,979800,FW,2024,2,21
Federico Navarro,980062,MF,2021,1,11
Fausto Vera,981070,MF,2022,2,24
Matko Miljevic,981079,MF,2024,1,18
Luca Orellano,988833,MF,2022,2,72
Alexis Cuello,989370,"MF,FW",2024,1,38
Agustin Urzi,989371,MF,2024,4,85
Federico Girotti,994916,MF,2022,2,128
Jose Paradela,994917,MF,2023,3,79
Facundo Almada,995062,DF,2022,2,56
Justo Giani,1003370,"FW,MF",2024,4,94
Alex Vigo,1017707,"DF,MF",2024,3,62
Nicolas Capaldo,1018564,"DF,MF",2021,1,12
Nicolas Cordero,1020747,"FW,MF",2024,4,82
Carlos Villalba,1020944,MF,2024,2,53
Antony Alonso,1021588,FW,2024,1,16
Anibal Moreno,1025557,MF,2023,3,94
Fernando Martinez,1028209,DF,2024,3,52
Rodrigo Villagra,1028443,MF,2024,4,132
Facundo Mura,1029392,FW,2024,1,126
Pablo Arganaraz,1030963,DF,2023,1,45
Federico Andueza,1031998,DF,2024,3,58
Ignacio Vazquez,1033115,DF,2024,2,73
Cristhian Ocampos,1033282,FW,2024,2,12
Thiago Nuss,1033314,MF,2024,3,66
Mauro Luna Diale,1034344,"FW,MF",2024,4,108
Facundo Rodriguez,1035138,DF,2024,1,18
Agustin Obando,1037265,"MF,FW",2024,4,25
Maximilliano Centurion,1037529,DF,2023,1,22
Santiago Pierotti,1039403,MF,2023,3,92
Franco Calderon,1039685,DF,2023,3,101
Imanol Machuca,1039686,"MF,FW",2023,3,76
Gaston Gonzalez,1039687,"MF,FW",2021,1,47
Alan Barrionuevo,1041082,DF,2024,2,43
Matias Godoy,1042007,"MF,FW",2024,3,84
Alan Marinelli,1042044,"FW,MF",2022,2,67
Francisco Gonzalez,1042571,MF,2024,4,202
Lucas Arce,1045037,DF,2024,2,78
Luciano Boggio,1047589,MF,2024,3,79
Miguel Navarro,1048053,DF,2024,1,30
Alan Velasco,1053392,MF,2021,1,35
Johan Carbonero,1053727,"MF,FW",2024,4,99
Martin Fernandez,1053835,MF,2024,1,15
Mauro Mendez,1054259,FW,2024,3,56
Juan Cuesta,1070203,FW,2023,2,25
Benjamin Rollheiser,1073365,"FW,MF",2023,3,82
Santiago Ramos,1073724,GK,2023,1,2
Alan Sonora,1074074,MF,2024,2,93
Lautaro Morales,1074828,GK,2024,4,63
Nazareno Colombo,1074976,DF,2024,4,112
Miguel Brizuela,1075045,DF,2024,4,87
Maximiliano Gagliardo,1075292,GK,2022,1,8
Franco Ibarra,1075405,MF,2024,1,21
Agustin Martegani,1075450,MF,2024,4,63
Oscar Salomon,1082758,DF,2024,3,48
Augustin Lagos,1083898,"DF,MF",2024,3,22
Mateo Bajamich,1085213,"FW,MF",2024,1,49
Facundo Perez,1085977,FW,2024,1,75
Sebastian Valdez,1086733,DF,2024,2,50
Diego Ortegoza,1086839,MF,2024,3,77
Damian Fernandez,1087551,DF,2024,4,14
Juan Nardoni,1087773,MF,2024,4,118
Lucas Gonzalez,1088057,MF,2024,3,90
Valentin Depietri,1088084,"MF,FW",2024,2,49
Gonzalo Paz,1090320,DF,2022,1,54
Armando Mendez,1093699,"DF,MF",2024,3,90
Rodrigo Garro,1093746,DF,2024,2,90
Brian Farioli,1094295,MF,2023,3,79
Rodrigo Cabral,1095186,"FW,MF",2024,4,109
Facundo Mater,1095779,MF,2024,4,104
Marcos Iacobellis,1097396,"MF,FW",2024,1,24
Leonel Picco,1097836,MF,2024,4,118
Matias Miranda,1097860,MF,2024,3,49
Giuliano Cerato,1098253,DF,2024,2,38
Nahuel Banegas,1098367,DF,2024,3,27
Alan Cantero,1098460,FW,2024,3,61
Alexandro Bernabei,1104156,DF,2022,2,44
Bryan Reyna,1104977,"FW,MF",2024,1,27
Juan Miritello,1107747,FW,2024,2,35
Facundo Farias,1108622,"FW,MF",2023,3,70
Francesco Lo Celso,1108679,"MF,FW",2024,3,34
Daniel Juarez,1109029,MF,2024,4,30
Francisco Flores,1109036,DF,2024,3,52
Franco Orozco,1109039,MF,2023,3,52
Exequiel Zeballos,1110044,FW,2024,4,44
Luis Sequeira,1110613,MF,2024,4,28
Julián Palacios,1110614,MF,2022,2,30
Nicolas Capraro,1111071,DF,2024,2,69
Joaquin Indacoechea,1114918,"DF,MF",2021,1,11
Patricio Boolsen,1116948,DF,2022,1,14
Matias Esquivel,1117950,MF,2024,4,103
David Ayala,1118540,MF,2021,1,11
Braian Martinez,1127325,MF,2023,3,78
Francisco Gerometta,1128483,DF,2024,4,86
Bruno Barticciotto,1128929,"MF,FW",2024,1,22
Juan Manuel Cruz,1128951,"MF,FW",2022,1,14
Lautaro Tomas Escalante,1128952,DF,2023,3,34
Favio Cabral,1128955,FW,2024,1,14
Tiago Banega,1128964,MF,2024,4,57
Carlos Alcaraz,1128965,"MF,FW",2022,2,57
Jose Florentin,1129078,MF,2024,3,68
Matias Perez,1130624,DF,2022,2,52
Gaston Avilla,1130630,"DF,MF",2022,2,31
Carlos Arrua,1130765,MF,2023,1,19
Yvo Calleros,1130865,MF,2024,2,22
Santiago Hezze,1131349,MF,2023,3,94
Santiago Longo,1132245,MF,2024,2,64
Thomas Ortega,1132405,DF,2021,1,27
Braian Salvareschi,1132906,DF,2024,4,54
Ramon Sosa,1132960,"MF,FW",2024,3,87
Gaston Martirena,1133119,"MF,DF",2024,1,36
Jhohan Romana,1133142,DF,2024,1,38
Juan Caceres,1133495,DF,2024,4,95
Rodrigo Insua,1134305,"DF,MF",2024,2,67
Juan Saborido,1135677,DF,2024,1,23
Cristian Zabala,1135817,MF,2023,2,70
Alexis Sabella,1137114,"MF,FW",2023,3,46
Mariano Peralta,1137210,FW,2023,3,44
Kevin Andrade,1137457,DF,2022,1,9
Edwin Mosquera,1137458,MF,2022,1,13
Franco Paredes,1137661,"DF,MF",2024,2,60
Piero Hincapié,1137667,DF,2021,1,13
Enzo Fernández,1137705,MF,2022,2,50
Dixon Renteria,1138690,DF,2021,1,10
Gaston Hernandez,1144961,DF,2023,2,67
Salomon Rodriguez,1180919,FW,2024,3,111
Alan Varela,1186684,MF,2023,3,74
Pablo Gerzel,1190856,"MF,FW",2021,1,11
Cristopher Fiermarin,1195101,GK,2024,2,20
Gonzalo Perez,1195812,MF,2024,1,20
Felipe Zenobio,1198479,GK,2024,1,25
Cristian Medina,1199960,MF,2024,4,117
Lautaro Blanco,1200014,DF,2024,3,104
Luciano Ferreyra,1200015,DF,2024,1,87
Gino Infantino,1200022,MF,2023,3,66
Ignacio Russo,1200023,FW,2024,1,47
Facundo Sanguinetti,1200037,GK,2024,2,27
Matias Gonzalez,1200040,MF,2024,2,53
Julian Aude,1200661,MF,2023,3,37
Pedro Ramirez,1200663,"DF,MF",2024,1,34
Lucas Besozzi,1200664,MF,2024,3,48
Braian Aguirre,1200667,DF,2024,4,108
Florian Monzon,1200720,FW,2024,2,35
Juan Sforza,1200743,MF,2023,3,92
Brian Aguirre,1200746,DF,2023,2,87
Augusto Schott,1200762,DF,2024,4,85
Siro Rosane,1200765,MF,2024,4,85
Brian Nievas,1200776,MF,2021,1,22
Lucas Esquivel,1201038,"MF,DF",2023,3,43
Kevin Zenon,1201039,"FW,MF",2024,4,128
Abel Bustos,1201079,MF,2022,2,10
Pablo Solari,1201406,"FW,MF",2024,3,81
Brian Calderara,1201407,"DF,MF",2024,3,75
Julian Malatini,1201408,DF,2023,3,64
Ramiro Sordo,1201409,"MF,FW",2023,3,82
Bautista Kociubinski,1201582,MF,2024,4,50
Gian Nardelli,1201766,DF,2024,3,64
Stefano Moreyra,1201767,MF,2024,3,13
Eric Meza,1201768,"DF,MF",2024,4,119
Ignacio Gariglio,1201809,DF,2023,3,43
Facundo Kruspzky,1201810,MF,2022,2,53
Juan Portillo,1201814,"MF,DF",2024,4,130
Lucas Brochero,1201884,MF,2024,4,115
Juan Guasone,1203234,FW,2022,1,36
Franco Romero,1203838,MF,2024,2,29
Facundo Mansilla Zahir,1205837,DF,2023,3,44
Fernando Román,1206543,DF,2022,2,20
Kevin Lomonaco,1206583,DF,2024,2,34
Fernando Prado,1206631,DF,2023,3,24
Tomas Castro,1206665,MF,2023,1,39
Ignacio Miramon,1206830,MF,2024,3,37
Santiago Simon,1208803,"MF,FW",2024,4,97
Cristian Torres,1209065,MF,2021,1,57
Sebastian Meza,1209083,GK,2024,3,63
Tomas Pozzo,1209106,MF,2024,4,62
Marco Di Cesare,1209398,DF,2024,4,61
Alexander Sosa,1211565,FW,2022,1,22
Vicente Poggi,1211623,MF,2024,1,36
Nicolas Garayalde,1212145,MF,2024,4,76
Rodrigo Herrera,1213003,MF,2024,2,64
Agustin Mulet,1213457,MF,2023,3,17
Juan Barinaga,1213652,MF,2024,3,82
Benjamin Borasi,1213657,MF,2021,1,9
Ayrton Costa,1213769,DF,2023,3,70
Ignacio Schor,1214017,MF,2024,4,104
Gaston Benedetti,1214100,"MF,DF",2024,2,59
Diego Calcaterra,1215717,"MF,DF",2024,4,29
Ivo Mammini,1215721,FW,2023,1,35
Luis Vazquez,1215735,FW,2023,3,76
Lucas Varaldo,1216071,FW,2024,3,33
Jose Lopez,1216079,FW,2021,1,45
Ezequiel Cannavo,1216082,"DF,MF",2024,1,18
Lucas Souto,1216361,DF,2024,3,69
Silvio Ulariaga,1216428,FW,2024,1,10
Agustin Sandez,1218334,DF,2024,4,73
Juan Gauto,1218336,MF,2023,2,34
Joaquin Pombo,1219709,DF,2023,2,43
Ulises Sanchez,1219978,MF,2023,1,52
Laurtaro Giaccone,1220657,MF,2024,3,48
Mateo Tanlongo,1220673,MF,2022,2,24
Bautista Barros Schelotto,1221037,DF,2024,2,31
Ignacio Maestro Puch,1221231,MF,2024,3,23
Franco Frias,1222245,"FW,MF",2023,2,25
Mateo Pellegrino,1224237,FW,2024,4,70
Bryan Castrillon,1225452,"MF,FW",2023,2,35
Martin Garcia,1225460,DF,2021,1,30
Luciano Gimenez,1226851,"FW,MF",2024,1,14
Franco Baldassarra,1228220,MF,2024,4,86
Dylan Glaby,1228819,MF,2022,1,31
Ramiro Enrique,1230315,FW,2022,2,65
Nicolas Romero,1230353,DF,2024,4,77
Gonzalo Abrego,1230664,MF,2024,4,120
Pablo Minissale,1231125,DF,2024,4,23
Julian Brea,1231181,FW,2022,2,40
Tiago Palacios,1231195,MF,2024,2,47
Antonio Napolitano,1231926,MF,2024,3,14
Sasha Marcich,1232257,"DF,MF",2024,2,73
Luciano Gondou,1232258,FW,2024,4,110
Joaquin Gho,1232259,MF,2024,3,54
Lenny Lobato,1232260,MF,2024,3,19
Maximiliano Rogoski,1233428,MF,2021,1,7
Marco Pellegrino,1237690,DF,2024,2,24
Manuel Garcia,1238746,MF,2024,4,73
Roman Vega,1240172,DF,2024,2,40
Ramiro Di Luciano,1241612,DF,2024,1,14
Lautaro Rios,1241613,"MF,FW",2021,1,65
Enzo Larrosa,1241614,FW,2023,2,31
Tobias Ostchega,1242173,DF,2024,1,35
Aaron Quiroz,1244341,DF,2024,3,66
Ignacio Rodriguez,1244348,DF,2024,4,80
Oscar Garrido,1246234,"MF,FW",2024,1,10
Martin Luciano,1246289,DF,2024,3,47
Santiago Coronel,1248005,MF,2024,1,8
Alejandro Martinez,1248060,MF,2024,3,87
Juan Esquivel,1248446,MF,2024,3,64
Eros Mancuso,1249664,"DF,MF",2024,2,22
Nicolas Valentini,1249665,DF,2023,2,72
Gonzalo Muscia,1250543,MF,2023,2,36
Alejo Veliz,1250658,FW,2023,3,53
Federico Paradela,1252646,MF,2024,3,21
Tomas Galvan,1256242,MF,2024,4,96
Gonzalo Lujan,1257342,DF,2024,3,21
Guillermo Balzi,1258603,MF,2024,4,34
Franco Diaz,1265160,MF,2024,3,67
Martin Ortega,1266877,MF,2022,1,53
Bruno Zapelli,1269982,MF,2023,1,24
Sebastian Medina,1270044,MF,2024,3,67
Matias Reali,1271801,"MF,FW",2024,1,33
Valentin Barco,1272440,"MF,FW",2023,1,9
Matias Mansilla,1273509,GK,2024,4,80
Franco Zapiola,1276036,MF,2024,1,96
Rufino Lucero,1276384,DF,2024,2,16
Matias Galarza,1277340,MF,2024,3,77
Federico Redondo,1277343,MF,2023,2,49
Vicente Taborda,1280328,"MF,FW",2024,4,67
Simon Rivero,1280335,MF,2024,2,25
Nicolás Palavecino,1280806,MF,2024,3,19
Juan Camilo Portilla,1281230,MF,2024,1,38
Santiago Castro,1282008,FW,2023,3,61
Facundo Altamira,1288591,MF,2024,3,35
Gonzalo Flores,1295031,FW,2024,3,13
Juan Fedorco,1299451,DF,2024,1,17
Nicolas Meriano,1299928,FW,2022,1,47
Emiliano Viveros,1304246,MF,2024,4,44
Alfredo Amarilla,1305063,MF,2024,2,16
Yonathan Rodriguez,1306107,MF,2024,1,23
Tomas Jacob,1308412,DF,2024,3,29
Guillermo Enrique,1312034,DF,2024,4,73
Gonzalo Rios,1314171,DF,2023,3,39
Alex Luna,1314218,"MF,FW",2024,1,29
Santiago Nunez,1315102,DF,2023,2,32
Ivan Leguizamon,1315121,"MF,FW",2024,3,100
Moises Brandan,1315385,DF,2024,2,22
Benjamin Dominguez,1316088,MF,2024,4,80
Matias Morello,1317180,MF,2022,1,13
Marcos Portillo,1321686,MF,2024,4,61
Tadeo Allende,1330616,MF,2023,2,73
Alexis Manyoma,1332390,"MF,FW",2024,1,18
David Zalazar,1336106,MF,2024,3,59
Facundo Buonanotte,1336566,"MF,FW",2022,1,24
Kevin Ortiz,1336567,MF,2024,3,80
Maximo Perrone,1336582,MF,2022,1,15
Ezequiel Forclaz,1336583,MF,2024,3,25
Mateo Del Blanco,1336846,MF,2024,2,46
Mauro Peinipil,1336905,"DF,MF",2023,1,31
Rodrigo Castillo,1336919,FW,2024,2,36
Tomas Muro,1337212,MF,2023,2,25
Julian Fernandez,1338015,DF,2024,2,115
Valentin Gomez,1338016,DF,2024,3,90
Mateo Sanabria,1338045,FW,2024,3,33
Cesar Perez,1338317,MF,2024,1,16
Juan Bisanz,1339423,"MF,FW",2024,2,53
Nicolas Paz,1342537,DF,2024,2,57
Alan Lescano,1342579,MF,2024,3,72
Abiel Osorio,1343195,FW,2024,3,71
Felipe Loyola,1343374,"MF,DF",2024,1,18
Agustin Ojeda,1345326,MF,2023,2,11
Gabriel Diaz,1352729,"DF,MF",2024,2,67
Maico Quiroz,1352731,MF,2024,3,20
Rodrigo Saravia,1353738,GK,2022,1,32
Santiago Toloza,1354120,MF,2024,3,53
Flabian Londono,1354125,FW,2024,2,43
Kevin Mantilla,1357423,DF,2024,2,14
Santiago Solari,1357993,"MF,FW",2024,2,67
Agustin Giay,1358345,MF,2024,3,66
Julio Soler,1358655,DF,2024,3,46
Lautaro Pastran,1360311,"MF,FW",2024,2,16
Genaro Rossi,1360572,FW,2023,2,17
Jherson Mosquera,1362307,"DF,MF",2023,1,20
Santiago Hidalgo,1362516,FW,2024,3,28
Rodrigo Atencio,1362517,MF,2024,2,46
Gianluca Prestianni,1363660,FW,2023,2,28
Kevin Lopez,1364153,MF,2024,2,53
Gregorio Rodriguez,1366607,MF,2024,2,45
Manuel Monaco,1372337,MF,2024,2,52
Luca Langoni,1372430,FW,2024,3,52
Tomas O'Connor,1372669,MF,2024,2,25
Jose Herrera,1372718,"FW,MF",2024,3,63
Ian Glavinovich,1376793,DF,2024,2,19
Elian Irala,1378855,MF,2024,2,44
Tobias Cervera,1378924,FW,2024,2,22
Juan Peinipil,1382996,FW,2023,1,8
Franco Watson,1383667,"MF,FW",2024,2,29
Sergio Ortiz,1385885,MF,2023,2,22
Jonathan Beron,1393534,MF,2023,1,9
Christian Ordonez,1393542,MF,2024,2,66
Matias Abaldo,1398532,"FW,MF",2024,1,32
Elias Cabrera,1400295,MF,2024,3,42
Daniel Barrea,1401243,FW,2024,2,58
Maximiliano Zalazar,1402346,GK,2022,1,65
Gonzalo Morales,1408244,FW,2023,2,67
Franco Alfonso,1408581,MF,2024,2,25
Jabes Saralegui,1413189,MF,2024,2,16
Santiago Quiros,1433995,DF,2024,2,26
Francisco Petrasso,1435030,DF,2024,1,12
Kevin Vazquez,1435121,MF,2024,1,24
Felipe Sanchez,1436220,DF,2024,2,41
Jeronimo Domina,1436222,FW,2024,2,59
Tomas Aviles,1437200,"DF,MF",2023,1,15
Damian Puebla,1437366,MF,2024,2,42
Leandro Moreira,1441864,FW,2023,1,10
Joaquin Mosqueira,1451319,MF,2024,2,59
Gonzalo Requena,1453094,DF,2024,1,25
Thiago Fernandez,1460063,MF,2024,2,40
Mathias De Ritis,1478196,DF,2024,1,16
Santiago Lopez,1485158,FW,2024,2,17
Claudio Echeverri,1486264,MF,2024,2,33
Geronimo Rivera,1489242,MF,2024,2,50
Dylan Aquino,1499651,MF,2024,2,20
Tomas Perez,1508514,FW,2024,2,22
Tobias Rubio,1509081,DF,2024,2,16
Elias Baez,1513339,DF,2024,1,16
Javier Ruiz,1513420,"MF,FW",2024,1,15
Lautaro Vargas,1520065,DF,2024,2,32
Facundo Lencioni,1520154,MF,2024,2,26
Mariano Troilo,1520184,DF,2024,1,21
Geronimo Heredia,1523536,MF,2024,1,23
Manuel Guillen,1532179,DF,2024,2,17
Sheyko Studer,1559675,DF,2024,1,14
Giovani Chiaverano,1562427,FW,2024,2,11
Nicolas Dubersarsky,1585863,MF,2024,1,23
Matias Moreno,1605748,FW,2023,1,23
Pablo Monje,1605853,MF,2024,1,24
Elias Ocampo,1606614,"MF,DF",2024,1,9
Diego Tarzia,1607054,"FW,MF",2024,1,19
Franco Mastantuono,1607566,MF,2024,1,33
Thiago Santamaria,1607567,DF,2024,1,25
Ariel Gamarra,1613475,MF,2024,1,18
Juan Gimenez,1624887,DF,2024,1,17
Santiago Gonzalez,1630645,MF,2024,1,23
Juan Velazquez,1644112,MF,2024,1,27
Franco Minerva,1647815,MF,2024,1,13
Mateo Silvetti,1662026,MF,2024,1,20
