Squad,# Pl,PlayingTime_MP,PlayingTime_Starts,PlayingTime_Min,PlayingTime_90s,Performance_GA,Performance_GA90,Performance_SoTA,Performance_Saves,Performance_Save%,Performance_W,Performance_D,Performance_L,Performance_CS,Performance_CS%,PenaltyKicks_PKatt,PenaltyKicks_PKA,PenaltyKicks_PKsv,PenaltyKicks_PKm,PenaltyKicks_Save%,League,Season
Aldosivi,1,25,25,2250,25.0,39,1.56,144,102,74.3,10,3,12,8,32.0,7,2,3,2,60.0,Primera Division Argentina,2021
Arg Juniors,2,25,25,2250,25.0,25,1.0,90,66,75.6,8,8,9,10,40.0,3,3,0,0,0.0,Primera Division Argentina,2021
Arsenal,2,25,25,2250,25.0,34,1.36,108,75,70.4,4,9,12,9,36.0,2,2,0,0,0.0,Primera Division Argentina,2021
Atlé Tucumán,1,25,25,2250,25.0,46,1.84,110,63,60.9,5,7,13,5,20.0,4,3,1,0,25.0,Primera Division Argentina,2021
Banfield,2,25,25,2250,25.0,25,1.0,94,71,76.6,5,12,8,10,40.0,4,3,1,0,25.0,Primera Division Argentina,2021
Boca Juniors,3,25,25,2250,25.0,19,0.76,80,62,78.8,11,8,6,10,40.0,2,2,0,0,0.0,Primera Division Argentina,2021
Cen. Córdoba–SdE,3,25,25,2250,25.0,36,1.44,100,65,65.0,6,8,11,7,28.0,2,1,0,1,0.0,Primera Division Argentina,2021
Colón,2,25,25,2250,25.0,31,1.24,105,74,72.4,11,6,8,9,36.0,5,2,2,1,50.0,Primera Division Argentina,2021
Defensa y Just,1,25,25,2250,25.0,24,0.96,91,68,75.8,13,8,4,10,40.0,2,2,0,0,0.0,Primera Division Argentina,2021
Estudiantes–LP,1,25,25,2250,25.0,31,1.24,86,56,68.6,10,9,6,6,24.0,5,4,1,0,20.0,Primera Division Argentina,2021
Gimnasia–LP,2,25,25,2250,25.0,28,1.12,89,61,69.7,9,9,7,11,44.0,2,1,1,0,50.0,Primera Division Argentina,2021
Godoy Cruz,2,25,25,2250,25.0,33,1.32,96,65,69.8,8,7,10,5,20.0,5,4,0,1,0.0,Primera Division Argentina,2021
Huracán,1,25,25,2250,25.0,25,1.0,105,80,79.0,10,8,7,8,32.0,3,3,0,0,0.0,Primera Division Argentina,2021
Independiente,1,25,25,2250,25.0,24,0.96,84,61,72.6,10,8,7,10,40.0,1,1,0,0,0.0,Primera Division Argentina,2021
Lanús,2,25,25,2250,25.0,43,1.72,111,69,67.6,10,7,8,4,16.0,7,7,0,0,0.0,Primera Division Argentina,2021
Newell's OB,2,25,25,2250,25.0,32,1.28,89,58,66.3,7,7,11,8,32.0,2,2,0,0,0.0,Primera Division Argentina,2021
Patronato,2,25,25,2250,25.0,35,1.4,102,65,66.7,5,10,10,9,36.0,3,1,2,0,66.7,Primera Division Argentina,2021
Platense,2,25,25,2247,25.0,36,1.44,106,70,67.0,7,10,8,3,12.0,1,1,0,0,0.0,Primera Division Argentina,2021
Racing Club,2,25,25,2250,25.0,23,0.92,92,67,75.0,8,8,9,10,40.0,2,0,2,0,100.0,Primera Division Argentina,2021
River Plate,2,25,25,2250,25.0,19,0.76,71,52,76.1,16,6,3,11,44.0,2,2,0,0,0.0,Primera Division Argentina,2021
Rosario Central,2,25,25,2250,25.0,41,1.64,149,109,72.5,9,5,11,3,12.0,0,0,0,0,,Primera Division Argentina,2021
San Lorenzo,1,25,25,2250,25.0,33,1.32,99,66,66.7,7,6,12,6,24.0,1,0,1,0,100.0,Primera Division Argentina,2021
Sarmiento,1,25,25,2250,25.0,33,1.32,103,70,68.0,6,6,13,7,28.0,0,0,0,0,,Primera Division Argentina,2021
Talleres,1,25,25,2250,25.0,28,1.12,97,70,75.3,14,4,7,10,40.0,4,4,0,0,0.0,Primera Division Argentina,2021
Unión,1,25,25,2250,25.0,32,1.28,86,54,62.8,10,4,11,7,28.0,1,0,1,0,100.0,Primera Division Argentina,2021
Vélez Sarsfield,2,25,25,2250,25.0,21,0.84,81,60,79.0,10,9,6,11,44.0,5,4,1,0,20.0,Primera Division Argentina,2021
Aldosivi,2,27,27,2430,27.0,48,1.78,135,90,67.4,4,4,19,5,18.5,5,4,0,1,0.0,Primera Division Argentina,2022
Arg Juniors,1,27,27,2430,27.0,24,0.89,90,66,75.6,12,6,9,9,33.3,3,2,1,0,33.3,Primera Division Argentina,2022
Arsenal,1,27,27,2430,27.0,29,1.07,111,84,78.4,6,12,9,7,25.9,5,5,0,0,0.0,Primera Division Argentina,2022
Atlé Tucumán,2,27,27,2460,27.3,22,0.8,87,65,75.9,12,10,5,12,44.4,1,1,0,0,0.0,Primera Division Argentina,2022
Banfield,3,27,27,2430,27.0,29,1.07,114,85,78.1,7,9,11,9,33.3,5,4,1,0,20.0,Primera Division Argentina,2022
Barracas Central,3,27,27,2430,27.0,37,1.37,125,89,72.8,8,10,9,5,18.5,3,3,0,0,0.0,Primera Division Argentina,2022
Boca Juniors,2,27,27,2430,27.0,28,1.04,104,76,77.9,16,4,7,10,37.0,7,5,1,1,16.7,Primera Division Argentina,2022
Cen. Córdoba–SdE,2,27,27,2430,27.0,37,1.37,105,68,73.3,10,4,13,9,33.3,10,9,1,0,10.0,Primera Division Argentina,2022
Colón,2,27,27,2430,27.0,36,1.33,136,101,75.0,7,8,12,5,18.5,3,2,1,0,33.3,Primera Division Argentina,2022
Defensa y Just,1,27,27,2430,27.0,27,1.0,127,100,81.9,10,10,7,7,25.9,5,4,0,1,0.0,Primera Division Argentina,2022
Estudiantes–LP,2,27,27,2430,27.0,40,1.48,115,75,70.4,9,6,12,9,33.3,6,6,0,0,0.0,Primera Division Argentina,2022
Gimnasia–LP,1,27,27,2430,27.0,18,0.67,93,75,80.6,11,8,8,13,48.1,1,0,1,0,100.0,Primera Division Argentina,2022
Godoy Cruz,3,27,27,2430,27.0,29,1.07,104,75,80.8,9,8,10,8,29.6,10,9,1,0,10.0,Primera Division Argentina,2022
Huracán,1,27,27,2430,27.0,21,0.78,72,52,73.6,12,11,4,11,40.7,3,2,1,0,33.3,Primera Division Argentina,2022
Independiente,2,27,27,2460,27.3,31,1.13,103,73,70.9,9,8,10,8,29.6,2,1,0,1,0.0,Primera Division Argentina,2022
Lanús,3,27,27,2430,27.0,40,1.48,105,66,66.7,5,6,16,5,18.5,5,5,0,0,0.0,Primera Division Argentina,2022
Newell's OB,3,27,27,2430,27.0,22,0.81,87,64,79.3,11,7,9,13,48.1,5,4,1,0,20.0,Primera Division Argentina,2022
Patronato,2,27,27,2430,27.0,27,1.0,127,99,80.3,11,7,9,10,37.0,5,2,3,0,60.0,Primera Division Argentina,2022
Platense,1,27,27,2430,27.0,25,0.93,96,73,76.0,7,11,9,10,37.0,2,2,0,0,0.0,Primera Division Argentina,2022
Racing Club,3,27,27,2429,27.0,24,0.89,99,75,79.8,14,8,5,13,48.1,4,4,0,0,0.0,Primera Division Argentina,2022
River Plate,2,27,27,2430,27.0,22,0.81,94,70,80.9,14,5,8,12,44.4,6,4,2,0,33.3,Primera Division Argentina,2022
Rosario Central,2,27,27,2430,27.0,28,1.04,96,67,71.9,7,11,9,10,37.0,3,1,2,0,66.7,Primera Division Argentina,2022
San Lorenzo,2,27,27,2430,27.0,23,0.85,87,64,73.6,10,13,4,12,44.4,0,0,0,0,,Primera Division Argentina,2022
Sarmiento,1,27,27,2430,27.0,32,1.19,126,93,77.0,8,8,11,8,29.6,6,3,2,1,40.0,Primera Division Argentina,2022
Talleres,2,27,27,2430,27.0,26,0.96,105,77,80.0,9,8,10,7,25.9,9,5,2,2,28.6,Primera Division Argentina,2022
Tigre,2,27,27,2430,27.0,32,1.19,113,81,73.5,11,10,6,7,25.9,3,2,1,0,33.3,Primera Division Argentina,2022
Unión,2,27,27,2426,27.0,36,1.34,110,73,70.9,8,8,11,6,22.2,5,4,1,0,20.0,Primera Division Argentina,2022
Vélez Sarsfield,2,27,27,2430,27.0,33,1.22,116,83,75.0,6,10,11,4,14.8,4,4,0,0,0.0,Primera Division Argentina,2022
Arg Juniors,2,27,27,2430,27.0,22,0.81,77,54,77.9,11,7,9,13,48.1,6,5,1,0,16.7,Primera Division Argentina,2023
Arsenal,1,27,27,2430,27.0,34,1.26,128,95,77.3,6,4,17,5,18.5,5,5,0,0,0.0,Primera Division Argentina,2023
Atlé Tucumán,1,27,27,2430,27.0,27,1.0,110,83,78.2,9,10,8,11,40.7,4,3,1,0,25.0,Primera Division Argentina,2023
Banfield,1,27,27,2430,27.0,32,1.19,103,72,70.9,7,9,11,12,44.4,3,2,0,1,0.0,Primera Division Argentina,2023
Barracas Central,2,27,27,2430,27.0,30,1.11,114,85,75.4,8,11,8,11,40.7,2,2,0,0,0.0,Primera Division Argentina,2023
Belgrano,2,27,27,2428,27.0,26,0.96,106,79,77.4,10,6,11,13,48.1,4,2,2,0,50.0,Primera Division Argentina,2023
Boca Juniors,2,27,27,2430,27.0,24,0.89,93,68,77.4,13,5,9,11,40.7,6,3,3,0,50.0,Primera Division Argentina,2023
Cen. Córdoba–SdE,2,27,27,2430,27.0,30,1.11,113,83,75.2,7,8,12,9,33.3,3,2,1,0,33.3,Primera Division Argentina,2023
Colón,1,27,27,2430,27.0,33,1.22,124,92,78.2,4,13,10,7,25.9,6,6,0,0,0.0,Primera Division Argentina,2023
Defensa y Just,2,27,27,2430,27.0,23,0.85,115,92,80.9,12,8,7,14,51.9,1,1,0,0,0.0,Primera Division Argentina,2023
Estudiantes–LP,2,27,27,2430,27.0,24,0.89,76,52,73.7,12,9,6,11,40.7,5,4,1,0,20.0,Primera Division Argentina,2023
Gimnasia–LP,2,27,27,2430,27.0,38,1.41,107,70,67.3,7,9,11,8,29.6,3,3,0,0,0.0,Primera Division Argentina,2023
Godoy Cruz,2,27,27,2430,27.0,32,1.19,98,67,74.5,11,8,8,8,29.6,7,7,0,0,0.0,Primera Division Argentina,2023
Huracán,2,27,27,2430,27.0,29,1.07,93,64,71.0,6,7,14,7,25.9,3,2,1,0,33.3,Primera Division Argentina,2023
Independiente,1,27,27,2430,27.0,32,1.19,99,67,72.7,6,10,11,8,29.6,6,5,1,0,16.7,Primera Division Argentina,2023
Instituto,2,27,27,2427,27.0,35,1.3,136,102,77.9,8,8,11,9,33.3,5,5,0,0,0.0,Primera Division Argentina,2023
Lanús,2,27,27,2422,27.0,27,1.0,85,59,69.4,12,9,6,9,33.3,1,1,0,0,0.0,Primera Division Argentina,2023
Newell's OB,1,27,27,2430,27.0,24,0.89,88,61,75.0,8,11,8,12,44.4,5,2,3,0,60.0,Primera Division Argentina,2023
Platense,2,27,27,2430,27.0,29,1.07,99,69,73.7,9,7,11,10,37.0,4,3,1,0,25.0,Primera Division Argentina,2023
Racing Club,2,27,27,2430,27.0,35,1.3,103,68,68.0,9,9,9,6,22.2,2,2,0,0,0.0,Primera Division Argentina,2023
River Plate,2,27,27,2430,27.0,20,0.74,76,56,76.3,19,4,4,14,51.9,2,2,0,0,0.0,Primera Division Argentina,2023
Rosario Central,2,27,27,2430,27.0,29,1.07,119,89,77.3,10,12,5,11,40.7,4,2,1,1,33.3,Primera Division Argentina,2023
San Lorenzo,2,27,27,2430,27.0,13,0.48,88,73,87.5,12,10,5,17,63.0,4,2,2,0,50.0,Primera Division Argentina,2023
Sarmiento,2,27,27,2430,27.0,26,0.96,128,101,82.8,7,9,11,11,40.7,5,4,1,0,20.0,Primera Division Argentina,2023
Talleres,1,27,27,2430,27.0,23,0.85,102,81,80.4,14,8,5,10,37.0,3,3,0,0,0.0,Primera Division Argentina,2023
Tigre,2,27,27,2430,27.0,29,1.07,112,83,75.0,9,7,11,7,25.9,1,1,0,0,0.0,Primera Division Argentina,2023
Unión,2,27,27,2430,27.0,25,0.93,90,64,75.6,6,12,9,13,48.1,4,3,1,0,25.0,Primera Division Argentina,2023
Vélez Sarsfield,2,27,27,2430,27.0,27,1.0,89,64,73.0,5,12,10,9,33.3,3,3,0,0,0.0,Primera Division Argentina,2023
Arg Juniors,1,27,27,2430,27.0,28,1.04,90,66,73.3,8,6,13,10,37.0,4,4,0,0,0.0,Primera Division Argentina,2024
Atlé Tucumán,1,27,27,2430,27.0,27,1.0,92,68,72.8,11,7,9,11,40.7,3,2,1,0,33.3,Primera Division Argentina,2024
Banfield,2,27,27,2430,27.0,36,1.33,103,71,68.0,5,9,13,5,18.5,5,3,2,0,40.0,Primera Division Argentina,2024
Barracas Central,3,27,27,2430,27.0,33,1.22,133,104,78.2,4,11,12,8,29.6,4,4,0,0,0.0,Primera Division Argentina,2024
Belgrano,3,27,27,2430,27.0,32,1.19,116,86,74.1,8,11,8,7,25.9,2,2,0,0,0.0,Primera Division Argentina,2024
Boca Juniors,2,27,27,2430,27.0,23,0.85,101,82,79.2,11,9,7,11,40.7,4,2,2,0,50.0,Primera Division Argentina,2024
Cen. Córdoba–SdE,2,27,27,2430,27.0,36,1.33,110,77,69.1,8,7,12,6,22.2,3,2,1,0,33.3,Primera Division Argentina,2024
Defensa y Just,2,27,27,2430,27.0,33,1.22,94,67,68.1,7,11,9,8,29.6,6,3,3,0,50.0,Primera Division Argentina,2024
Deportivo Riestra,2,27,27,2430,27.0,27,1.0,120,97,80.8,8,11,8,12,44.4,4,4,0,0,0.0,Primera Division Argentina,2024
Estudiantes–LP,2,27,27,2430,27.0,34,1.26,103,73,70.9,8,12,7,5,18.5,4,4,0,0,0.0,Primera Division Argentina,2024
Gimnasia–LP,2,27,27,2429,27.0,22,0.82,91,70,76.9,8,8,11,10,37.0,2,1,0,1,0.0,Primera Division Argentina,2024
Godoy Cruz,2,27,27,2430,27.0,28,1.04,104,77,73.1,8,11,8,7,25.9,2,0,2,0,100.0,Primera Division Argentina,2024
Huracán,2,27,27,2430,27.0,18,0.67,82,64,79.3,12,10,5,15,55.6,1,1,0,0,0.0,Primera Division Argentina,2024
Ind. Rivadavia,2,27,27,2430,27.0,25,0.93,90,69,75.6,10,8,9,11,40.7,4,3,1,0,25.0,Primera Division Argentina,2024
Independiente,1,27,27,2430,27.0,17,0.63,79,64,81.0,9,13,5,15,55.6,3,2,1,0,33.3,Primera Division Argentina,2024
Instituto,1,27,27,2430,27.0,31,1.15,95,67,69.5,10,6,11,7,25.9,3,2,1,0,33.3,Primera Division Argentina,2024
Lanús,2,27,27,2430,27.0,31,1.15,115,87,74.8,8,12,7,9,33.3,3,2,1,0,33.3,Primera Division Argentina,2024
Newell's OB,3,27,27,2430,27.0,35,1.3,99,66,66.7,7,7,13,8,29.6,3,2,0,1,0.0,Primera Division Argentina,2024
Platense,2,27,27,2429,27.0,18,0.67,86,69,80.2,10,9,8,14,51.9,2,1,0,1,0.0,Primera Division Argentina,2024
Racing Club,2,27,27,2430,27.0,30,1.11,96,68,69.8,14,4,9,11,40.7,3,1,1,1,50.0,Primera Division Argentina,2024
River Plate,3,27,27,2430,27.0,21,0.78,81,65,79.0,11,10,6,11,40.7,5,4,1,0,20.0,Primera Division Argentina,2024
Rosario Central,2,27,27,2430,27.0,30,1.11,116,89,76.7,8,8,11,7,25.9,4,3,0,1,0.0,Primera Division Argentina,2024
San Lorenzo,4,27,27,2430,27.0,26,0.96,86,62,72.1,7,8,12,7,25.9,2,2,0,0,0.0,Primera Division Argentina,2024
Sarmiento,3,27,27,2430,27.0,28,1.04,117,91,77.8,5,11,11,10,37.0,2,2,0,0,0.0,Primera Division Argentina,2024
Talleres,2,27,27,2430,27.0,27,1.0,88,65,73.9,13,9,5,11,40.7,4,4,0,0,0.0,Primera Division Argentina,2024
Tigre,2,27,27,2430,27.0,30,1.11,107,80,74.8,8,10,9,9,33.3,3,3,0,0,0.0,Primera Division Argentina,2024
Unión,2,27,27,2430,27.0,26,0.96,91,71,78.0,11,7,9,12,44.4,7,6,1,0,14.3,Primera Division Argentina,2024
Vélez Sarsfield,3,27,27,2430,27.0,16,0.59,75,62,81.3,14,9,4,16,59.3,3,2,1,0,33.3,Primera Division Argentina,2024
Aldosivi,2,13,13,1170,13.0,21,1.62,57,37,66.7,3,2,8,2,15.4,2,2,0,0,0.0,Copa de la Liga,2021
Arg Juniors,2,13,13,1170,13.0,11,0.85,45,34,75.6,5,4,4,5,38.5,0,0,0,0,,Copa de la Liga,2021
Arsenal,2,13,13,1170,13.0,23,1.77,67,43,67.2,3,3,7,3,23.1,2,1,1,0,50.0,Copa de la Liga,2021
Atlé Tucumán,1,13,13,1170,13.0,20,1.54,49,29,61.2,5,3,5,3,23.1,1,1,0,0,0.0,Copa de la Liga,2021
Banfield,3,13,13,1170,13.0,12,0.92,51,39,76.5,5,5,3,6,46.2,0,0,0,0,,Copa de la Liga,2021
Boca Juniors,3,15,15,1410,15.7,13,0.83,53,40,75.5,6,6,3,4,26.7,0,0,0,0,,Copa de la Liga,2021
Cen. Córdoba–SdE,2,13,13,1170,13.0,17,1.31,52,35,71.2,4,5,4,3,23.1,2,2,0,0,0.0,Copa de la Liga,2021
Colón,1,16,16,1470,16.3,11,0.67,59,48,84.7,9,5,2,9,56.3,2,2,0,0,0.0,Copa de la Liga,2021
Defensa y Just,2,13,13,1170,13.0,21,1.62,57,39,66.7,3,3,7,2,15.4,2,2,0,0,0.0,Copa de la Liga,2021
Estudiantes–LP,2,14,14,1290,14.3,10,0.7,39,29,76.9,6,5,3,8,57.1,1,1,0,0,0.0,Copa de la Liga,2021
Gimnasia–LP,3,13,13,1170,13.0,20,1.54,58,38,65.5,3,6,4,4,30.8,0,0,0,0,,Copa de la Liga,2021
Godoy Cruz,2,13,13,1170,13.0,24,1.85,71,46,69.0,4,3,6,1,7.7,3,2,1,0,33.3,Copa de la Liga,2021
Huracán,2,13,13,1170,13.0,17,1.31,45,29,62.2,2,7,4,3,23.1,0,0,0,0,,Copa de la Liga,2021
Independiente,2,15,15,1380,15.3,12,0.78,47,34,80.9,6,3,6,6,40.0,4,3,1,0,25.0,Copa de la Liga,2021
Lanús,1,13,13,1170,13.0,18,1.38,54,36,68.5,6,1,6,3,23.1,1,1,0,0,0.0,Copa de la Liga,2021
Newell's OB,1,13,13,1170,13.0,21,1.62,55,34,63.6,2,5,6,2,15.4,1,1,0,0,0.0,Copa de la Liga,2021
Patronato,1,13,13,1170,13.0,17,1.31,38,22,63.2,4,0,9,3,23.1,3,3,0,0,0.0,Copa de la Liga,2021
Platense,1,13,13,1170,13.0,19,1.46,63,44,73.0,4,2,7,4,30.8,2,2,0,0,0.0,Copa de la Liga,2021
Racing Club,3,16,16,1470,16.3,15,0.92,52,37,71.2,6,5,5,9,56.3,0,0,0,0,,Copa de la Liga,2021
River Plate,2,14,14,1290,14.3,12,0.84,42,30,73.8,6,4,4,5,35.7,1,1,0,0,0.0,Copa de la Liga,2021
Rosario Central,1,13,13,1170,13.0,18,1.38,56,38,71.4,5,3,5,3,23.1,2,2,0,0,0.0,Copa de la Liga,2021
San Lorenzo,3,13,13,1170,13.0,16,1.23,47,31,68.1,6,3,4,4,30.8,1,1,0,0,0.0,Copa de la Liga,2021
Sarmiento,2,13,13,1170,13.0,19,1.46,61,42,70.5,2,6,5,3,23.1,1,1,0,0,0.0,Copa de la Liga,2021
Talleres,2,14,14,1290,14.3,17,1.19,37,21,62.2,5,6,3,2,14.3,4,3,0,1,0.0,Copa de la Liga,2021
Unión,1,13,13,1170,13.0,14,1.08,44,30,72.7,4,7,2,6,46.2,2,2,0,0,0.0,Copa de la Liga,2021
Vélez Sarsfield,2,14,14,1260,14.0,13,0.93,50,37,74.0,10,2,2,8,57.1,0,0,0,0,,Copa de la Liga,2021
Aldosivi,1,15,15,1350,15.0,21,1.4,88,67,78.4,6,2,7,4,26.7,2,2,0,0,0.0,Copa de la Liga,2022
Arg Juniors,1,16,16,1470,16.3,18,1.1,42,24,61.9,7,6,3,5,31.3,2,2,0,0,0.0,Copa de la Liga,2022
Arsenal,2,14,14,1260,14.0,19,1.36,61,43,72.1,3,8,3,3,21.4,2,2,0,0,0.0,Copa de la Liga,2022
Atlé Tucumán,2,14,14,1260,14.0,23,1.64,53,31,60.4,2,5,7,2,14.3,2,2,0,0,0.0,Copa de la Liga,2022
Banfield,2,14,14,1260,14.0,15,1.07,54,40,75.9,5,4,5,5,35.7,3,2,1,0,33.3,Copa de la Liga,2022
Barracas Central,2,14,14,1260,14.0,24,1.71,76,52,72.4,6,1,7,1,7.1,3,3,0,0,0.0,Copa de la Liga,2022
Boca Juniors,2,17,17,1560,17.3,11,0.63,66,52,84.8,9,7,1,8,47.1,4,1,3,0,75.0,Copa de la Liga,2022
Cen. Córdoba–SdE,1,14,14,1260,14.0,23,1.64,66,43,65.2,3,6,5,2,14.3,1,0,0,1,,Copa de la Liga,2022
Colón,2,14,14,1260,14.0,19,1.36,55,36,69.1,3,7,4,2,14.3,2,2,0,0,0.0,Copa de la Liga,2022
Defensa y Just,1,15,15,1350,15.0,21,1.4,66,47,69.7,7,4,4,2,13.3,1,1,0,0,0.0,Copa de la Liga,2022
Estudiantes–LP,2,15,15,1380,15.3,21,1.37,61,39,68.9,8,5,2,1,6.7,3,2,1,0,33.3,Copa de la Liga,2022
Gimnasia–LP,1,14,14,1260,14.0,20,1.43,59,38,74.6,7,3,4,5,35.7,6,5,1,0,16.7,Copa de la Liga,2022
Godoy Cruz,1,14,14,1260,14.0,24,1.71,53,31,62.3,3,7,4,2,14.3,4,4,0,0,0.0,Copa de la Liga,2022
Huracán,2,14,14,1260,14.0,19,1.36,38,19,57.9,5,3,6,5,35.7,3,3,0,0,0.0,Copa de la Liga,2022
Independiente,3,14,14,1260,14.0,18,1.29,49,31,69.4,3,7,4,4,28.6,3,3,0,0,0.0,Copa de la Liga,2022
Lanús,2,14,14,1260,14.0,18,1.29,52,34,69.2,3,6,5,3,21.4,2,2,0,0,0.0,Copa de la Liga,2022
Newell's OB,3,14,14,1260,14.0,15,1.07,60,45,78.3,7,2,5,6,42.9,2,2,0,0,0.0,Copa de la Liga,2022
Patronato,2,14,14,1260,14.0,25,1.79,60,36,65.0,3,1,10,1,7.1,4,4,0,0,0.0,Copa de la Liga,2022
Platense,2,14,14,1260,14.0,23,1.64,59,37,71.2,2,4,8,2,14.3,6,6,0,0,0.0,Copa de la Liga,2022
Racing Club,1,16,16,1470,16.3,10,0.61,66,57,84.8,9,7,0,9,56.3,0,0,0,0,,Copa de la Liga,2022
River Plate,2,15,15,1350,15.0,14,0.93,37,22,64.9,9,2,4,4,26.7,2,1,1,0,50.0,Copa de la Liga,2022
Rosario Central,1,14,14,1260,14.0,20,1.43,54,34,70.4,4,2,8,3,21.4,4,4,0,0,0.0,Copa de la Liga,2022
San Lorenzo,1,14,14,1260,14.0,17,1.21,64,46,75.0,3,6,5,3,21.4,2,1,1,0,50.0,Copa de la Liga,2022
Sarmiento,2,14,14,1260,14.0,24,1.71,70,48,70.0,6,3,5,3,21.4,3,3,0,0,0.0,Copa de la Liga,2022
Talleres,2,14,14,1260,14.0,21,1.5,59,39,67.8,3,2,9,4,28.6,3,2,1,0,33.3,Copa de la Liga,2022
Tigre,1,17,17,1530,17.0,17,1.0,59,42,74.6,6,6,5,6,35.3,2,2,0,0,0.0,Copa de la Liga,2022
Unión,2,14,14,1260,14.0,13,0.93,60,46,81.7,5,2,7,6,42.9,3,2,1,0,33.3,Copa de la Liga,2022
Vélez Sarsfield,1,14,14,1260,14.0,12,0.86,45,33,75.6,4,6,4,5,35.7,2,1,0,1,0.0,Copa de la Liga,2022
Arg Juniors,2,14,14,1260,14.0,23,1.64,62,38,71.0,3,5,6,3,21.4,6,5,1,0,16.7,Copa de la Liga,2023
Arsenal,2,14,14,1260,14.0,15,1.07,63,48,79.4,3,4,7,5,35.7,2,2,0,0,0.0,Copa de la Liga,2023
Atlé Tucumán,1,14,14,1260,14.0,12,0.86,54,43,79.6,4,5,5,7,50.0,1,1,0,0,0.0,Copa de la Liga,2023
Banfield,1,14,14,1260,14.0,6,0.43,45,38,88.9,6,5,3,9,64.3,2,1,1,0,50.0,Copa de la Liga,2023
Barracas Central,2,14,14,1260,14.0,21,1.5,49,32,57.1,3,5,6,3,21.4,0,0,0,0,,Copa de la Liga,2023
Belgrano,1,14,14,1260,14.0,18,1.29,62,43,72.6,5,6,3,5,35.7,2,1,1,0,50.0,Copa de la Liga,2023
Boca Juniors,2,14,14,1260,14.0,16,1.14,61,45,73.8,5,3,6,3,21.4,0,0,0,0,,Copa de la Liga,2023
Cen. Córdoba–SdE,1,14,14,1260,14.0,14,1.0,52,39,73.1,5,4,5,5,35.7,0,0,0,0,,Copa de la Liga,2023
Colón,2,14,14,1260,14.0,17,1.21,45,28,66.7,6,2,6,5,35.7,2,2,0,0,0.0,Copa de la Liga,2023
Defensa y Just,2,14,14,1260,14.0,16,1.14,72,54,79.2,3,5,6,5,35.7,3,1,2,0,66.7,Copa de la Liga,2023
Estudiantes–LP,1,14,14,1260,14.0,13,0.93,46,33,78.3,4,5,5,6,42.9,3,3,0,0,0.0,Copa de la Liga,2023
Gimnasia–LP,1,14,14,1260,14.0,21,1.5,51,31,62.7,4,3,7,2,14.3,2,2,0,0,0.0,Copa de la Liga,2023
Godoy Cruz,1,14,14,1260,14.0,9,0.64,42,33,81.0,5,7,2,8,57.1,1,1,0,0,0.0,Copa de la Liga,2023
Huracán,1,14,14,1260,14.0,11,0.79,48,37,79.2,8,2,4,6,42.9,1,1,0,0,0.0,Copa de la Liga,2023
Independiente,1,14,14,1260,14.0,11,0.79,45,35,75.6,6,5,3,7,50.0,1,0,0,1,,Copa de la Liga,2023
Instituto,1,14,14,1260,14.0,7,0.5,39,32,82.1,4,8,2,7,50.0,0,0,0,0,,Copa de la Liga,2023
Lanús,2,14,14,1260,14.0,14,1.0,48,36,72.9,2,6,6,4,28.6,1,1,0,0,0.0,Copa de la Liga,2023
Newell's OB,1,14,14,1260,14.0,10,0.71,40,30,77.5,5,3,6,6,42.9,1,1,0,0,0.0,Copa de la Liga,2023
Platense,1,14,14,1260,14.0,16,1.14,55,40,72.7,5,5,4,5,35.7,1,1,0,0,0.0,Copa de la Liga,2023
Racing Club,2,14,14,1260,14.0,16,1.14,53,37,77.4,6,6,2,1,7.1,4,4,0,0,0.0,Copa de la Liga,2023
River Plate,2,14,14,1260,14.0,16,1.14,54,39,72.2,7,3,4,5,35.7,1,1,0,0,0.0,Copa de la Liga,2023
Rosario Central,1,14,14,1260,14.0,13,0.93,60,46,83.3,6,5,3,5,35.7,4,3,1,0,25.0,Copa de la Liga,2023
San Lorenzo,1,14,14,1260,14.0,11,0.79,57,46,80.7,3,9,2,6,42.9,0,0,0,0,,Copa de la Liga,2023
Sarmiento,1,14,14,1260,14.0,8,0.57,60,50,88.3,3,7,4,7,50.0,3,1,2,0,66.7,Copa de la Liga,2023
Talleres,1,14,14,1260,14.0,15,1.07,73,58,80.8,4,5,5,5,35.7,1,1,0,0,0.0,Copa de la Liga,2023
Tigre,2,14,14,1260,14.0,13,0.93,42,30,69.0,3,4,7,6,42.9,0,0,0,0,,Copa de la Liga,2023
Unión,2,14,14,1260,14.0,13,0.93,49,36,75.5,3,7,4,6,42.9,2,1,0,1,0.0,Copa de la Liga,2023
Vélez Sarsfield,3,14,14,1260,14.0,14,1.0,47,33,74.5,6,4,4,4,28.6,2,2,0,0,0.0,Copa de la Liga,2023
Arg Juniors,1,14,14,1260,14.0,14,1.0,62,49,77.4,7,5,2,5,35.7,1,0,0,1,,Copa de la Liga,2024
Atlé Tucumán,1,14,14,1260,14.0,23,1.64,50,27,58.0,1,7,6,4,28.6,3,2,0,1,0.0,Copa de la Liga,2024
Banfield,1,14,14,1260,14.0,15,1.07,57,42,77.2,4,5,5,5,35.7,2,2,0,0,0.0,Copa de la Liga,2024
Barracas Central,1,14,14,1260,14.0,15,1.07,50,36,70.0,7,5,2,5,35.7,0,0,0,0,,Copa de la Liga,2024
Belgrano,2,14,14,1260,14.0,21,1.5,56,34,64.3,3,5,6,0,0.0,2,1,1,0,50.0,Copa de la Liga,2024
Boca Juniors,3,14,14,1260,14.0,12,0.86,43,31,74.4,7,4,3,5,35.7,1,1,0,0,0.0,Copa de la Liga,2024
Cen. Córdoba–SdE,3,14,14,1260,14.0,20,1.43,61,42,67.2,2,5,7,4,28.6,1,0,0,1,,Copa de la Liga,2024
Defensa y Just,2,14,14,1260,14.0,13,0.93,54,41,79.6,7,5,2,6,42.9,2,2,0,0,0.0,Copa de la Liga,2024
Deportivo Riestra,1,14,14,1260,14.0,16,1.14,59,42,74.6,3,4,7,4,28.6,2,1,1,0,50.0,Copa de la Liga,2024
Estudiantes–LP,2,14,14,1260,14.0,9,0.64,34,25,73.5,8,3,3,8,57.1,0,0,0,0,,Copa de la Liga,2024
Gimnasia–LP,1,14,14,1260,14.0,23,1.64,71,48,70.4,5,1,8,4,28.6,2,2,0,0,0.0,Copa de la Liga,2024
Godoy Cruz,2,14,14,1260,14.0,6,0.43,46,40,87.0,9,2,3,9,64.3,0,0,0,0,,Copa de la Liga,2024
Huracán,1,14,14,1260,14.0,12,0.86,50,38,78.0,4,4,6,7,50.0,1,1,0,0,0.0,Copa de la Liga,2024
Ind. Rivadavia,2,14,14,1260,14.0,25,1.79,86,61,70.9,2,2,10,1,7.1,0,0,0,0,,Copa de la Liga,2024
Independiente,1,14,14,1260,14.0,10,0.71,37,27,73.0,6,5,3,6,42.9,0,0,0,0,,Copa de la Liga,2024
Instituto,1,14,14,1260,14.0,17,1.21,55,39,69.1,5,2,7,5,35.7,0,0,0,0,,Copa de la Liga,2024
Lanús,1,14,14,1260,14.0,14,1.0,49,35,73.5,7,2,5,5,35.7,1,1,0,0,0.0,Copa de la Liga,2024
Newell's OB,1,14,14,1260,14.0,15,1.07,56,41,73.2,6,3,5,6,42.9,0,0,0,0,,Copa de la Liga,2024
Platense,1,14,14,1260,14.0,14,1.0,44,30,68.2,4,6,4,7,50.0,0,0,0,0,,Copa de la Liga,2024
Racing Club,2,14,14,1260,14.0,11,0.79,46,36,76.1,7,3,4,7,50.0,0,0,0,0,,Copa de la Liga,2024
River Plate,1,14,14,1260,14.0,10,0.71,56,46,83.9,7,6,1,5,35.7,1,1,0,0,0.0,Copa de la Liga,2024
Rosario Central,2,14,14,1260,14.0,18,1.29,72,54,77.8,4,3,7,4,28.6,2,2,0,0,0.0,Copa de la Liga,2024
San Lorenzo,2,14,14,1260,14.0,14,1.0,52,38,75.0,3,7,4,7,50.0,1,1,0,0,0.0,Copa de la Liga,2024
Sarmiento,1,14,14,1260,14.0,19,1.36,55,35,69.1,2,3,9,3,21.4,3,2,1,0,33.3,Copa de la Liga,2024
Talleres,2,14,14,1260,14.0,16,1.14,42,27,71.4,6,6,2,3,21.4,4,4,0,0,0.0,Copa de la Liga,2024
Tigre,2,14,14,1260,14.0,25,1.79,76,51,68.4,1,2,11,2,14.3,2,1,1,0,50.0,Copa de la Liga,2024
Unión,2,14,14,1260,14.0,14,1.0,48,34,75.0,5,5,4,6,42.9,2,2,0,0,0.0,Copa de la Liga,2024
Vélez Sarsfield,1,14,14,1260,14.0,13,0.93,49,37,73.5,7,4,3,6,42.9,0,0,0,0,,Copa de la Liga,2024
